id,display_name,model_family,brand,main_category,subcategory,product_line,product_url,image_url,brochure_url,price_aed,paper_size,max_width_inches,colour_mode,functions,applications,supported_print_sizes,print_speed,dpi,scanner_integrated,dual_roll,spectro,memory,total_colours,colour_specification,cartridge_sizes,consumable_volume,yield_capacity,weight,dimensions,recommended_monthly_min,recommended_monthly_max,consumables_count,consumables_skus
epson-wf-c5890-dwf,Epson WorkForce Pro WF-C5890 DWF,WF-C5890,Epson,office_printer,a4_colour_multifunction,workforce_pro,https://www.keplertechllc.com/product/epson-workforce-pro-wf-c5890-dwf-printer/,https://www.keplertechllc.com/wp-content/uploads/2023/07/Epson-WorkForce-Pro-WF-C5890-Printer.webp,,1656.0,a4,8.5,colour,"print, scan, copy, fax","office_documents, invoices, business_reports","A4, A5, A6, B5, Letter, Legal",25 ISO ppm black / 25 ISO ppm colour (simplex); 16 ipm duplex,"4,800 × 1,200 DPI",True,,,"1,024 MB (1 GB) RAM","4 Colours (Black, Cyan, Magenta, Yellow)",Epson DURABrite Ultra Pigment Inks (Water & highlighter resistant),"Standard, XL, and XXL High-Capacity Ink Packs","Up to 10,000 pages Black / 5,000 pages Colour (T11D/T11E)","Up to 10,000 pages Black / 5,000 pages Colour (T11D/T11E) (Standard, XL, and XXL High-Capacity Ink Packs)",18.7 kg (net printer weight excluding inks),425 × 535 × 357 mm (W × D × H),500,5000,10,"C12C938211, C13T11C140, C13T11C240, C13T11C340, C13T11C440, C13T11D140, C13T11D240, C13T11D340, C13T11D440, C13T11E140"
epson-em-c800,Epson WorkForce Pro EM-C800,EM-C800,Epson,office_printer,a4_colour_multifunction,workforce_pro,https://www.keplertechllc.com/product/epson-workforce-pro-em-c800/,https://www.keplertechllc.com/wp-content/uploads/2025/08/Epson-WorkForce-Pro-EM-C800-scaled.webp,,Price on Request,a4,8.5,colour,"print, scan, copy, fax","office_documents, high_yield_workgroups, business_reports","A4, A5, A6, B5, Letter, Legal",25 ISO ppm black / 25 ISO ppm colour,"4,800 × 1,200 DPI",True,,,"2,048 MB (2 GB) RAM","4 Colours (Black, Cyan, Magenta, Yellow)",Epson DURABrite Pro Pigment Inks with PrecisionCore Heat-Free Technology,Replaceable Ink Supply Bags (RIPS),"Up to 50,000 pages Black / 20,000 pages Colour","Up to 50,000 pages Black / 20,000 pages Colour (Replaceable Ink Supply Bags (RIPS))",19.3 kg (net printer weight),425 × 535 × 413 mm (W × D × H),1000,10000,9,"C12C938211, C13T11N140, C13T11N240, C13T11N340, C13T11N440, C13T11P140, C13T11P240, C13T11P340, C13T11P440"
epson-am-c400,Epson WorkForce AM-C400,AM-C400,Epson,office_printer,a4_colour_multifunction,workforce_enterprise,https://www.keplertechllc.com/product/epson-wf-am-c400-a4-printer/,https://www.keplertechllc.com/wp-content/uploads/2025/01/Epson-WorkForce-Enterprise%E2%80%8B-AM-C400-Printer-1.webp,https://www.keplertechllc.com/wp-content/uploads/2023/06/Epson-WorkForce-Enterprise-WF-AM-C4000-Printer-Datasheet.pdf,Price on Request,a4,8.5,colour,"print, scan, copy","enterprise_workgroups, office_documents, departmental_printing","A4, A5, Letter, Legal",40 ISO ppm black / 40 ISO ppm colour,"600 × 2,400 DPI",True,,,"4,096 MB (4 GB) RAM + 320 GB HDD","4 Colours (Black, Cyan, Magenta, Yellow)",DURABrite Pro Aqueous Pigment Inks with PrecisionCore Line Head,High-Yield Industrial Ink Packs,"Up to 31,500 pages Black / 28,000 pages Colour","Up to 31,500 pages Black / 28,000 pages Colour (High-Yield Industrial Ink Packs)",31.6 kg (net printer weight),465 × 517 × 477 mm (W × D × H),1500,15000,5,"C12C937201, C13T08N140, C13T08N240, C13T08N340, C13T08N440"
epson-am-c550,Epson WorkForce AM-C550,AM-C550,Epson,office_printer,a4_colour_multifunction,workforce_enterprise,https://www.keplertechllc.com/product/epson-wf-am-c550-a4-multifunction-printer/,https://www.keplertechllc.com/wp-content/uploads/2025/01/Epson-WorkForce-AM-C550-A4-Color-Multifunction-Printer.webp,https://www.keplertechllc.com/wp-content/uploads/2025/01/Epson-WorkForce-AM-C550-A4-Color-Multifunction-Printer.pdf,9000.0,a4,8.5,colour,"print, scan, copy","high_speed_enterprise, office_documents, heavy_workgroups","A4, A5, Letter, Legal",55 ISO ppm black / 55 ISO ppm colour,"600 × 2,400 DPI",True,,,"4,096 MB (4 GB) RAM + 320 GB HDD","4 Colours (Black, Cyan, Magenta, Yellow)",DURABrite Pro Aqueous Pigment Inks with PrecisionCore Line Head,High-Yield Industrial Ink Packs,"Up to 31,500 pages Black / 28,000 pages Colour","Up to 31,500 pages Black / 28,000 pages Colour (High-Yield Industrial Ink Packs)",31.6 kg (net printer weight),465 × 517 × 477 mm (W × D × H),2000,20000,5,"C12C937201, C13T08Q140, C13T08Q240, C13T08Q340, C13T08Q440"
epson-wf-c878r-dwf,Epson WorkForce Pro WF-C878R DWF,WF-C878R,Epson,office_printer,a3_workforce_pro_multifunction,workforce_pro,https://www.keplertechllc.com/product/epson-workforce-pro-wf-c878r-dwf-multifunction-color-printer/,https://www.keplertechllc.com/wp-content/uploads/2023/04/Epson-WorkForce-C878R-Business-Printer.webp,,6500.0,a3,13.0,colour,"print, scan, copy, fax","office_documents, a3_spreadsheets, marketing_collateral","A4, A3, A3+, Letter, Legal, Tabloid",25 ISO ppm black / 24 ISO ppm colour,"4,800 × 1,200 DPI",True,,,"1,536 MB (1.5 GB) RAM","4 Colours (Black, Cyan, Magenta, Yellow)",Epson DURABrite Pro Pigment Inks (Archival & quick-drying),XL / XXL Replaceable High-Capacity Ink Supply Bags,"Up to 86,000 pages Black / 50,000 pages Colour","Up to 86,000 pages Black / 50,000 pages Colour (XL / XXL Replaceable High-Capacity Ink Supply Bags)",59.7 kg (net printer weight excluding ink packs),621 × 652 × 641 mm (W × D × H),1500,10000,5,"C13T671400, C13T05A100, C13T05A200, C13T05A300, C13T05A400"
epson-wf-c879r-dwf,Epson WorkForce Pro WF-C879R DWF,WF-C879R,Epson,office_printer,a3_workforce_pro_multifunction,workforce_pro,https://www.keplertechllc.com/product/epson-workforce-pro-wf-c879r-dtwf-multifunction-printer/,https://www.keplertechllc.com/wp-content/uploads/2023/04/Epson-WorkForce-Printer-C879R.webp,,7600.0,a3,13.0,colour,"print, scan, copy, fax","office_documents, high_yield_a3, heavy_workgroups","A4, A3, A3+, Letter, Legal, Tabloid",26 ISO ppm black / 25 ISO ppm colour; Scan: up to 100 ipm single-pass duplex,"4,800 × 1,200 DPI",True,,,"3,072 MB (3 GB) RAM","4 Colours (Black, Cyan, Magenta, Yellow)",Epson DURABrite Pro Pigment Inks,XL / XXL Replaceable High-Capacity Ink Supply Bags,"Up to 86,000 pages Black / 50,000 pages Colour","Up to 86,000 pages Black / 50,000 pages Colour (XL / XXL Replaceable High-Capacity Ink Supply Bags)",75.6 kg (net printer weight excluding ink packs),621 × 751 × 711 mm (W × D × H),2000,15000,9,"C13T671400, C13T05A100, C13T05A200, C13T05A300, C13T05A400, C13T05B140, C13T05B240, C13T05B340, C13T05B440"
epson-am-c4000,Epson WorkForce Enterprise AM-C4000,AM-C4000,Epson,office_printer,a3_enterprise_multifunction,workforce_enterprise,https://www.keplertechllc.com/product/epson-workforce-enterprise-am-c4000-printer/,https://www.keplertechllc.com/wp-content/uploads/2023/06/WorkForce-Enterprise%E2%80%8B-AM-C4000%E2%80%8B.webp,https://www.keplertechllc.com/wp-content/uploads/2023/06/Epson-WorkForce-Enterprise-WF-AM-C4000-Printer-Datasheet.pdf,Price on Request,a3,13.0,colour,"print, scan, copy","enterprise_copier_replacement, departmental_a3, high_speed_office","A4, A3, A3+, Letter, Legal, Tabloid",40 ISO ppm black / 40 ISO ppm colour,"600 × 2,400 DPI",True,,,"8,192 MB (8 GB) RAM + 320 GB Self-Encrypting HDD","4 Colours (Black, Cyan, Magenta, Yellow)",DURABrite Pro Aqueous Pigment Inks with PrecisionCore Line Head,High-Yield Ink Bags (T08H Series),"Up to 31,500 pages Black / 28,000 pages Colour","Up to 31,500 pages Black / 28,000 pages Colour (High-Yield Ink Bags (T08H Series))",124.3 kg (base unit net weight),"586 × 690 × 1,060 mm (W × D × H)",5000,30000,5,"C12C937181, C13T08H100, C13T08H200, C13T08H300, C13T08H400"
epson-am-c5000,Epson WorkForce Enterprise AM-C5000,AM-C5000,Epson,office_printer,a3_enterprise_multifunction,workforce_enterprise,https://www.keplertechllc.com/product/epson-workforce-enterprise-am-c5000-printer/,https://www.keplertechllc.com/wp-content/uploads/2023/06/WorkForce-Enterprise%E2%80%8B-AM-C4000%E2%80%8B-1.webp,,Price on Request,a3,13.0,colour,"print, scan, copy","enterprise_copier_replacement, 50ppm_departmental, high_volume_office","A4, A3, A3+, Letter, Legal, Tabloid",50 ISO ppm black / 50 ISO ppm colour,"600 × 2,400 DPI",True,,,"8,192 MB (8 GB) RAM + 320 GB Self-Encrypting HDD","4 Colours (Black, Cyan, Magenta, Yellow)",DURABrite Pro Aqueous Pigment Inks with PrecisionCore Line Head,Ultra High-Yield Ink Bags (T08G Series),"Up to 50,000 pages Black / 30,000 pages Colour","Up to 50,000 pages Black / 30,000 pages Colour (Ultra High-Yield Ink Bags (T08G Series))",124.3 kg (base unit net weight),"586 × 690 × 1,060 mm (W × D × H)",7000,40000,5,"C12C937181, C13T08G100, C13T08G200, C13T08G300, C13T08G400"
epson-am-c6000,Epson WorkForce Enterprise AM-C6000,AM-C6000,Epson,office_printer,a3_enterprise_multifunction,workforce_enterprise,https://www.keplertechllc.com/product/epson-workforce-enterprise-am-c6000-printer/,https://www.keplertechllc.com/wp-content/uploads/2023/06/WorkForce-Enterprise%E2%80%8B-AM-C4000%E2%80%8B-2.webp,,Price on Request,a3,13.0,colour,"print, scan, copy","enterprise_copier_replacement, 60ppm_departmental, heavy_central_reprographics","A4, A3, A3+, Letter, Legal, Tabloid",60 ISO ppm black / 60 ISO ppm colour,"600 × 2,400 DPI",True,,,"8,192 MB (8 GB) RAM + 320 GB Self-Encrypting HDD","4 Colours (Black, Cyan, Magenta, Yellow)",DURABrite Pro Aqueous Pigment Inks with PrecisionCore Line Head,Ultra High-Yield Ink Bags (T08G Series),"Up to 50,000 pages Black / 30,000 pages Colour","Up to 50,000 pages Black / 30,000 pages Colour (Ultra High-Yield Ink Bags (T08G Series))",124.3 kg (base unit net weight),"586 × 690 × 1,060 mm (W × D × H)",10000,60000,5,"C12C937181, C13T08G100, C13T08G200, C13T08G300, C13T08G400"
epson-wf-c21000-d4tw,Epson WorkForce Enterprise WF-C21000 D4TW,WF-C21000,Epson,office_printer,a3_enterprise_multifunction,workforce_enterprise,https://www.keplertechllc.com/product/epson-workforce-enterprise-wf-c21000-multi-function-printer/,https://www.keplertechllc.com/wp-content/uploads/2023/04/Epson-WorkForce-Enterprise-WF-C20600.webp,,Price on Request,a3,13.0,colour,"print, scan, copy","100ppm_production_office, high_volume_central_reproduction, enterprise","A4, A3, A3+, Letter, Legal, Tabloid",100 ISO ppm black / 100 ISO ppm colour,"600 × 2,400 DPI",True,,,"8,192 MB (8 GB) RAM + 320 GB HDD","4 Colours (Black, Cyan, Magenta, Yellow)",DURABrite Pro Industrial Pigment Ink (Heat-Free PrecisionCore Array),Quad Ultra-High Capacity Ink Supply Units (T887),"Up to 100,000 pages Black / 50,000 pages Colour","Up to 100,000 pages Black / 50,000 pages Colour (Quad Ultra-High Capacity Ink Supply Units (T887))",177.1 kg (base unit net weight),"674 × 757 × 1,243 mm (W × D × H)",15000,100000,5,"C13T671300, C13T02Y100, C13T02Y200, C13T02Y300, C13T02Y400"
epson-sc-t3100,Epson SureColor SC-T3100,SC-T3100,Epson,technical_large_format,technical_24_print_only,surecolor_t,https://www.keplertechllc.com/product/epson-surecolor-sc-t3100-wireless-printer-with-stand/,https://www.keplertechllc.com/wp-content/uploads/2023/08/Epson-SureColor-SC-T3100-%E2%80%93-Wireless-Printer-With-Stand.webp,https://www.keplertechllc.com/wp-content/uploads/2023/08/Epson-SureColor-SC-T3100-Printer-Datasheet.pdf,3880.0,24-inch,24.0,colour,print,"cad, architecture, engineering_drawings, gis, posters","24-inch, A1, A2, A3, A4",34 sec / A1 CAD line drawing on plain paper (approx. 106 A1/hr),"2,400 × 1,200 DPI",False,False,,"1,024 MB (1 GB) RAM","4 Colours (Matte Black, Cyan, Magenta, Yellow)",Epson UltraChrome XD2 All-Pigment Inks (Water & smudge resistant),"26ml, 50ml, and 80ml Cartridges",Approx. 100–180 A1 CAD line drawings per black cartridge,"Approx. 100–180 A1 CAD line drawings per black cartridge (26ml, 50ml, and 80ml Cartridges)",38 kg (with stand) / 27 kg (desktop without stand),970 × 696 × 913 mm (with stand) / 970 × 505 × 230 mm (without stand),,,13,"C13S210057, C13S210055, C13T40C140, C13T40C240, C13T40C340, C13T40C440, C13T40D140, C13T40D240, C13T40D340, C13T40D440, C13S041385, C13S041595, C13S041387"
epson-sc-t3700e,Epson SureColor SC-T3700E,SC-T3700E,Epson,technical_large_format,technical_24_print_only,surecolor_t,https://www.keplertechllc.com/product/epson-sc-t5700d-technical-printer/,https://www.keplertechllc.com/wp-content/uploads/2024/01/SC-T5700DM-Printer.webp,,Price on Request,24-inch,24.0,colour,print,"cad, gis, renderings, posters","24-inch, A1, A2, A3, A4",16 sec / A1 CAD line drawing (approx. 130 m²/hr),"2,400 × 1,200 DPI",False,False,,"4,096 MB (4 GB) RAM + Optional 960 GB SSD","6 Colours (Matte Black, Photo Black, Cyan, Magenta, Yellow, Red)",Epson UltraChrome XD3 Pigment Ink with Dedicated Chromatic Red,350ml and 700ml Tanks,"Over 2,500 A1 CAD line drawings per 700ml set","Over 2,500 A1 CAD line drawings per 700ml set (350ml and 700ml Tanks)",118 kg (net weight),"1,365 × 829 × 975 mm (W × D × H)",,,17,"C13S210115, C13S210116, C13S210117, C13T50M100, C13T50M200, C13T50M300, C13T50M400, C13T50M800, C13T50MF00, C13T50U100, C13T50U200, C13T50U300, C13T50U400, C13T50U80N, C13T50UF00, C13S041385, C13S041595"
epson-sc-t3700d,Epson SureColor SC-T3700D,SC-T3700D,Epson,technical_large_format,technical_24_print_only,surecolor_t,https://www.keplertechllc.com/product/epson-sc-t5700d-technical-printer/,https://www.keplertechllc.com/wp-content/uploads/2024/01/SC-T5700DM-Printer.webp,,Price on Request,24-inch,24.0,colour,print,"cad, gis, production_drawings, dual_roll_switching","24-inch, A1, A2, A3, A4",16 sec / A1 CAD line drawing (approx. 130 m²/hr),"2,400 × 1,200 DPI",False,True,,"4,096 MB (4 GB) RAM + Optional 960 GB SSD","6 Colours (Matte Black, Photo Black, Cyan, Magenta, Yellow, Red)",Epson UltraChrome XD3 Pigment Ink with Dedicated Chromatic Red,350ml and 700ml Tanks,"Over 2,500 A1 CAD line drawings per 700ml set","Over 2,500 A1 CAD line drawings per 700ml set (350ml and 700ml Tanks)",118 kg (net weight dual-roll),"1,365 × 829 × 975 mm (W × D × H)",,,17,"C13S210115, C13S210116, C13S210117, C13T50M100, C13T50M200, C13T50M300, C13T50M400, C13T50M800, C13T50MF00, C13T50U100, C13T50U200, C13T50U300, C13T50U400, C13T50U80N, C13T50UF00, C13S041385, C13S041595"
epson-sc-t3700de,Epson SureColor SC-T3700DE,SC-T3700DE,Epson,technical_large_format,technical_24_print_only,surecolor_t,https://www.keplertechllc.com/product/epson-sc-t5700d-technical-printer/,https://www.keplertechllc.com/wp-content/uploads/2024/01/SC-T5700DM-Printer.webp,,Price on Request,24-inch,24.0,colour,print,"cad, gis, adobe_postscript, dual_roll_switching","24-inch, A1, A2, A3, A4",16 sec / A1 CAD line drawing (approx. 130 m²/hr),"2,400 × 1,200 DPI",False,True,,"4,096 MB (4 GB) RAM + Optional 960 GB SSD","6 Colours (Matte Black, Photo Black, Cyan, Magenta, Yellow, Red)",Epson UltraChrome XD3 Pigment Ink with Dedicated Chromatic Red,350ml and 700ml Tanks,"Over 2,500 A1 CAD line drawings per 700ml set","Over 2,500 A1 CAD line drawings per 700ml set (350ml and 700ml Tanks)",118 kg (net weight dual-roll),"1,365 × 829 × 975 mm (W × D × H)",,,17,"C13S210115, C13S210116, C13S210117, C13T50M100, C13T50M200, C13T50M300, C13T50M400, C13T50M800, C13T50MF00, C13T50U100, C13T50U200, C13T50U300, C13T50U400, C13T50U80N, C13T50UF00, C13S041385, C13S041595"
epson-sc-t5100,Epson SureColor SC-T5100,SC-T5100,Epson,technical_large_format,technical_36_print_only,surecolor_t,https://www.keplertechllc.com/product/epson-surecolor-sc-t5100-large-format-printer/,https://www.keplertechllc.com/wp-content/uploads/2023/08/Epson-SureColor-SC-T5100-Printer.webp,https://www.keplertechllc.com/wp-content/uploads/2023/08/Epson-SureColor-SC-T5100-Printer-datasheet.pdf,9700.0,36-inch,36.0,colour,print,"cad, architecture, engineering_drawings, blueprints, maps","36-inch, 24-inch, A0, A1, A2, A3, A4",31 sec / A1 CAD line drawing on plain paper,"2,400 × 1,200 DPI",False,False,,"1,024 MB (1 GB) RAM","4 Colours (Matte Black, Cyan, Magenta, Yellow)",Epson UltraChrome XD2 All-Pigment Inks (Water & smudge resistant),"26ml, 50ml, and 80ml Cartridges",Approx. 120–200 A1 CAD line drawings per black cartridge,"Approx. 120–200 A1 CAD line drawings per black cartridge (26ml, 50ml, and 80ml Cartridges)",46 kg (with stand) / 33 kg (desktop without stand),"1,268 × 696 × 913 mm (with stand) / 1,268 × 505 × 230 mm (without stand)",,,14,"C13S210057, C13S210055, C13T40C140, C13T40C240, C13T40C340, C13T40C440, C13T40D140, C13T40D240, C13T40D340, C13T40D440, C13S041385, C13S041387, C13S041595, C13S041597"
epson-sc-t5405,Epson SureColor SC-T5405,SC-T5405,Epson,technical_large_format,technical_36_print_only,surecolor_t,https://www.keplertechllc.com/product/epson-surecolor-sc-t5405-wireless-printer/,https://www.keplertechllc.com/wp-content/uploads/2023/04/Epson-SureColor-SC-T5405-Printer.webp,,Price on Request,36-inch,36.0,colour,print,"cad, engineering, pos_posters, production_drawings","36-inch, 24-inch, A0, A1, A2, A3, A4",22 sec / A1 CAD line drawing on plain paper,"2,400 × 1,200 DPI",False,False,,"1,024 MB (1 GB) RAM","4 Colours (Matte Black, Cyan, Magenta, Yellow)",Epson UltraChrome XD2 All-Pigment Inks,"110ml, 350ml, and 700ml Cartridges","Over 2,000 A1 CAD drawings per 700ml tank at 5% coverage","Over 2,000 A1 CAD drawings per 700ml tank at 5% coverage (110ml, 350ml, and 700ml Cartridges)",76 kg (with stand),"1,385 × 759 × 1,060 mm (W × D × H)",,,16,"C13T699700, C13T41R240, C13T41R340, C13T41R440, C13T41R540, C13T41F240, C13T41F340, C13T41F440, C13T41F540, C13T41E240, C13T41E340, C13T41E440, C13T41E540, C13S041385, C13S041387, C13S041597"
epson-sc-t5700d,Epson SureColor SC-T5700D,SC-T5700D,Epson,technical_large_format,technical_36_print_only,surecolor_t,https://www.keplertechllc.com/product/epson-sc-t5700d-technical-printer/,https://www.keplertechllc.com/wp-content/uploads/2024/01/SC-T5700DM-Printer.webp,https://www.keplertechllc.com/wp-content/uploads/2024/01/Epson-Sure-Color-SC-T5700D-Printer-Datasheet.pdf,Price on Request,36-inch,36.0,colour,print,"cad, gis, dual_roll_production, reprographics","36-inch, 24-inch, A0, A1, A2, A3, A4",16 sec / A1 CAD line drawing (approx. 130 m²/hr),"2,400 × 1,200 DPI",False,True,,"4,096 MB (4 GB) RAM + Optional 960 GB SSD","6 Colours (Matte Black, Photo Black, Cyan, Magenta, Yellow, Red)",Epson UltraChrome XD3 Pigment Inks with Dedicated Chromatic Red,350ml and 700ml Tanks,"Over 2,500 A1 CAD drawings per 700ml set","Over 2,500 A1 CAD drawings per 700ml set (350ml and 700ml Tanks)",145 kg (net weight dual-roll),"1,645 × 829 × 975 mm (W × D × H)",,,17,"C13S210115, C13S210116, C13S210117, C13T50M100, C13T50M200, C13T50M300, C13T50M400, C13T50M800, C13T50MF00, C13T50U100, C13T50U200, C13T50U300, C13T50U400, C13T50U80N, C13T50UF00, C13S041387, C13S041597"
epson-sc-t5100m,Epson SureColor SC-T5100M,SC-T5100M,Epson,technical_large_format,technical_36_multifunction,surecolor_t,https://www.keplertechllc.com/product/epson-surecolor-sc-t5100m-plotter-printer/,https://www.keplertechllc.com/wp-content/uploads/2026/01/SC-T5100M.webp,https://www.keplertechllc.com/wp-content/uploads/2023/08/Epson-SureColor-SC-T5100-Printer-datasheet.pdf,Price on Request,36-inch,36.0,colour,"print, scan, copy","cad, blueprint_scanning, copying_technical_drawings, aec","36-inch, 24-inch, A0, A1, A2, A3, A4",31 sec / A1 CAD drawing; Scan: 1.5 ips colour / 4.5 ips mono at 200 DPI,"2,400 × 1,200 DPI (Print) / 600 DPI (Scan)",True,False,,"1,024 MB (1 GB) RAM","4 Colours (Matte Black, Cyan, Magenta, Yellow)",Epson UltraChrome XD2 All-Pigment Inks,"26ml, 50ml, and 80ml Cartridges",Approx. 120–200 A1 CAD drawings per black cartridge,"Approx. 120–200 A1 CAD drawings per black cartridge (26ml, 50ml, and 80ml Cartridges)",54 kg (with stand and integrated 36″ scanner),"1,268 × 696 × 974 mm (W × D × H)",,,14,"C13S210057, C13S210055, C13T40C140, C13T40C240, C13T40C340, C13T40C440, C13T40D140, C13T40D240, C13T40D340, C13T40D440, C13S041385, C13S041387, C13S041595, C13S041597"
epson-sc-t5400m,Epson SureColor SC-T5400M,SC-T5400M,Epson,technical_large_format,technical_36_multifunction,surecolor_t,https://www.keplertechllc.com/product/epson-sc-t5400m-mfp-plotter-printer/,https://www.keplertechllc.com/wp-content/uploads/2024/04/Epson-SC-T5400M-Printer.webp,https://www.keplertechllc.com/wp-content/uploads/2026/01/Epson-SureColor-SC-T5100M-MFP-Brochure.pdf,Price on Request,36-inch,36.0,colour,"print, scan, copy","cad, engineering_mfp, blueprint_reproduction, construction_site","36-inch, 24-inch, A0, A1, A2, A3, A4",22 sec / A1 CAD drawing; Scan: 4.5 ips colour / 7.5 ips mono at 200 DPI,"2,400 × 1,200 DPI (Print) / 600 DPI (Scan)",True,False,,"1,024 MB (1 GB) RAM","4 Colours (Matte Black, Cyan, Magenta, Yellow)",Epson UltraChrome XD2 All-Pigment Inks,110ml and 350ml Cartridges,"Over 1,000 A1 CAD drawings per 350ml tank set","Over 1,000 A1 CAD drawings per 350ml tank set (110ml and 350ml Cartridges)",88 kg (with stand and integrated 36″ scanner),"1,385 × 759 × 1,060 mm (W × D × H)",,,16,"C13T699700, C13T41R240, C13T41R340, C13T41R440, C13T41R540, C13T41F240, C13T41F340, C13T41F440, C13T41F540, C13T41E240, C13T41E340, C13T41E440, C13T41E540, C13S041385, C13S041387, C13S041597"
epson-sc-t5700dm,Epson SureColor SC-T5700DM,SC-T5700DM,Epson,technical_large_format,technical_36_multifunction,surecolor_t,https://www.keplertechllc.com/product/epson-sc-t5700d-technical-printer/,https://www.keplertechllc.com/wp-content/uploads/2024/01/SC-T5700DM-Printer.webp,https://www.keplertechllc.com/wp-content/uploads/2024/01/Epson-Sure-Color-SC-T5700D-Printer-Datasheet.pdf,Price on Request,36-inch,36.0,colour,"print, scan, copy","production_cad_mfp, dual_roll_scanning, enterprise_aec","36-inch, 24-inch, A0, A1, A2, A3, A4",16 sec / A1 CAD drawing; Scan: integrated 36″ dual-light CIS scanner,"2,400 × 1,200 DPI (Print) / 600 DPI (Scan)",True,True,,"4,096 MB (4 GB) RAM + 960 GB SSD","6 Colours (Matte Black, Photo Black, Cyan, Magenta, Yellow, Red)",Epson UltraChrome XD3 Pigment Inks with Chromatic Red,350ml and 700ml Tanks,"Over 2,500 A1 CAD drawings per 700ml set","Over 2,500 A1 CAD drawings per 700ml set (350ml and 700ml Tanks)",164 kg (with stand and integrated 36″ dual-light scanner),"1,645 × 829 × 975 mm (W × D × H)",,,17,"C13S210115, C13S210116, C13S210117, C13T50M100, C13T50M200, C13T50M300, C13T50M400, C13T50M800, C13T50MF00, C13T50U100, C13T50U200, C13T50U300, C13T50U400, C13T50U80N, C13T50UF00, C13S041387, C13S041597"
epson-sc-t7700d,Epson SureColor SC-T7700D,SC-T7700D,Epson,technical_large_format,technical_44_print_only,surecolor_t,https://www.keplertechllc.com/product/epson-surecolor-sc-t7700d-large-format-printer/,https://www.keplertechllc.com/wp-content/uploads/2024/01/Epson-SC-T7700D-Technical-Printer.webp,,Price on Request,44-inch,44.0,colour,print,"cad, gis, production_posters, wide_format_drawings","44-inch, 36-inch, 24-inch, B0, A0, A1, A2",16 sec / A1 CAD line drawing (approx. 130 m²/hr),"2,400 × 1,200 DPI",False,True,,"4,096 MB (4 GB) RAM + Optional 960 GB SSD","6 Colours (Matte Black, Photo Black, Cyan, Magenta, Yellow, Red)",Epson UltraChrome XD3 Pigment Inks with Chromatic Red,350ml and 700ml Tanks,"Over 2,500 A1 CAD drawings per 700ml set","Over 2,500 A1 CAD drawings per 700ml set (350ml and 700ml Tanks)",155 kg (net weight dual-roll),"1,848 × 829 × 975 mm (W × D × H)",,,18,"C13S210115, C13S210116, C13S210117, C13T50M100, C13T50M200, C13T50M300, C13T50M400, C13T50M800, C13T50MF00, C13T50U100, C13T50U200, C13T50U300, C13T50U400, C13T50U80N, C13T50UF00, C13S041387, C13S041597, C13S042138"
epson-sc-t7700dl,Epson SureColor SC-T7700DL,SC-T7700DL,Epson,technical_large_format,technical_44_print_only,surecolor_t,https://www.keplertechllc.com/product/epson-surecolor-sc-t7700dl-technical-printer/,https://www.keplertechllc.com/wp-content/uploads/2024/01/Epson-SureColor-SC-T7700DL-Technical-Printer.webp,,Price on Request,44-inch,44.0,colour,print,"high_volume_cad, bulk_ink_production, continuous_gis","44-inch, 36-inch, 24-inch, B0, A0, A1, A2",16 sec / A1 CAD line drawing (approx. 130 m²/hr),"2,400 × 1,200 DPI",False,True,,"4,096 MB (4 GB) RAM + 960 GB SSD","6 Colours (Matte Black, Photo Black, Cyan, Magenta, Yellow, Red)",Epson UltraChrome XD3 Pigment Inks with Chromatic Red,"1,600ml (1.6 Litre) Ink Supply Packs","Over 6,000 A1 CAD drawings per 1.6L pack set","Over 6,000 A1 CAD drawings per 1.6L pack set (1,600ml (1.6 Litre) Ink Supply Packs)",155 kg (net weight dual-roll bulk ink),"1,848 × 829 × 975 mm (W × D × H)",,,12,"C13S210115, C13S210116, C13S210117, C13T53A100, C13T53A200, C13T53A300, C13T53A400, C13T53A800, C13T53A900, C13S041387, C13S041597, C13S042138"
epson-sc-t7700dm,Epson SureColor SC-T7700DM,SC-T7700DM,Epson,technical_large_format,technical_44_multifunction,surecolor_t,https://www.keplertechllc.com/product/epson-sc-t7700dm-multi-function-technical-printer/,https://www.keplertechllc.com/wp-content/uploads/2024/01/Epson-SureColor-SC-T7700DM-Technical-Printer.webp,,Price on Request,44-inch,44.0,colour,"print, scan, copy","44_inch_cad_mfp, large_blueprint_scanning, production_copying","44-inch, 36-inch, 24-inch, B0, A0, A1, A2",16 sec / A1 CAD drawing; Scan: integrated 36″ dual-light CIS scanner,"2,400 × 1,200 DPI (Print) / 600 DPI (Scan)",True,True,,"4,096 MB (4 GB) RAM + 960 GB SSD","6 Colours (Matte Black, Photo Black, Cyan, Magenta, Yellow, Red)",Epson UltraChrome XD3 Pigment Inks with Chromatic Red,350ml and 700ml Tanks,"Over 2,500 A1 CAD drawings per 700ml set","Over 2,500 A1 CAD drawings per 700ml set (350ml and 700ml Tanks)",164 kg (with stand and integrated 36″ scanner),"1,848 × 829 × 975 mm (W × D × H)",,,18,"C13S210115, C13S210116, C13S210117, C13T50M100, C13T50M200, C13T50M300, C13T50M400, C13T50M800, C13T50MF00, C13T50U100, C13T50U200, C13T50U300, C13T50U400, C13T50U80N, C13T50UF00, C13S041387, C13S041597, C13S042138"
epson-sc-p700,Epson SureColor SC-P700,SC-P700,Epson,photography_large_format,photo_13_desktop,surecolor_p,https://www.keplertechllc.com/product/epson-surecolor-p700-13-photo-printer/,https://www.keplertechllc.com/wp-content/uploads/2023/04/EPSON-P700-Printer-1.webp,https://www.keplertechllc.com/wp-content/uploads/2023/05/Epson-SureColor-SC-P700-13-Photo-Printer-Datasheet.pdf,3400.0,13-inch,13.0,colour,print,"fine_art, photography, gallery_prints, studio_portraits","13-inch, A3+, A3, A4, 4x6, 5x7, 8x10",Approx. 90 sec for 8×10″ / 150 sec for 13×19″ (Premium Glossy Photo Paper),"5,760 × 1,440 DPI",False,False,,"1,024 MB (1 GB) RAM","10 Colours (Photo Black, Matte Black, Cyan, Vivid Magenta, Yellow, Light Cyan, Vivid Light Magenta, Gray, Light Gray, Violet)",UltraChrome PRO10 Pigment Inks with Black Enhance Overcoat (BEO),25ml Individual Ink Cartridges,Zero black-switch ink waste (dedicated Photo/Matte channels),Zero black-switch ink waste (dedicated Photo/Matte channels) (25ml Individual Ink Cartridges),12.6 kg (net weight excluding inks); package weight: 16.0 kg,515 × 368 × 185 mm (storage) / 515 × 769 × 420 mm (operating),,,15,"C12C935711, C13T46S100, C13T46S200, C13T46S300, C13T46S400, C13T46S500, C13T46S600, C13T46S700, C13T46S800, C13T46S900, C13T46SD00, C13S041785, C13S041784, S042330, S042300"
epson-sc-p900,Epson SureColor SC-P900,SC-P900,Epson,photography_large_format,photo_17_desktop,surecolor_p,https://www.keplertechllc.com/product/epson-surecolor-p900-17-inch-photo-printer/,https://www.keplertechllc.com/wp-content/uploads/2023/04/Epson-P900-Printer-2.webp,https://www.keplertechllc.com/wp-content/uploads/2023/05/Epson-SureColor-P900-Photo-Printer-Datasheet.pdf,4880.0,17-inch,17.0,colour,print,"fine_art, professional_photography, exhibition_prints","17-inch, A2, A3+, A3, A4, 8x10, 8x12",Approx. 90 sec for 8×10″ / 150 sec for 13×19″ / 280 sec for 17×22″ (Premium Glossy Photo Paper),"5,760 × 1,440 DPI",False,False,,"1,024 MB (1 GB) RAM","10 Colours (Photo Black, Matte Black, Cyan, Vivid Magenta, Yellow, Light Cyan, Vivid Light Magenta, Gray, Light Gray, Violet)",UltraChrome PRO10 Pigment Inks with Black Enhance Overcoat (BEO),50ml Individual Ink Cartridges,Zero black-switch ink waste (dedicated Photo/Matte channels),Zero black-switch ink waste (dedicated Photo/Matte channels) (50ml Individual Ink Cartridges),16.0 kg (net weight excluding inks); package weight: 21.0 kg,615 × 368 × 199 mm (storage) / 615 × 905 × 520 mm (operating),,,15,"C12C935711, C13T47A100, C13T47A200, C13T47A300, C13T47A400, C13T47A500, C13T47A600, C13T47A700, C13T47A800, C13T47A900, C13T47AD00, C13S042123, C13S041725, C13S041846, C13S041785"
epson-sc-p900-roll,Epson SureColor SC-P900 with Roll Adapter,SC-P900,Epson,photography_large_format,photo_17_desktop,surecolor_p,https://www.keplertechllc.com/product/epson-surecolor-p900-17-inch-photo-printer/,https://www.keplertechllc.com/wp-content/uploads/2023/04/Epson-P900-Printer-2.webp,https://www.keplertechllc.com/wp-content/uploads/2023/05/Epson-SureColor-P900-Photo-Printer-Datasheet.pdf,5320.0,17-inch,17.0,colour,print,"fine_art, panoramic_prints, roll_media_photography","17-inch, A2, A3+, A3, A4, panoramic_rolls",Approx. 90 sec for 8×10″ / 150 sec for 13×19″ / 280 sec for 17×22″ (Premium Glossy Photo Paper),"5,760 × 1,440 DPI",False,False,,"1,024 MB (1 GB) RAM","10 Colours (Photo Black, Matte Black, Cyan, Vivid Magenta, Yellow, Light Cyan, Vivid Light Magenta, Gray, Light Gray, Violet)",UltraChrome PRO10 Pigment Inks with Black Enhance Overcoat (BEO),50ml Individual Ink Cartridges,Continuous panoramic and banner roll photo yield,Continuous panoramic and banner roll photo yield (50ml Individual Ink Cartridges),16.0 kg (base printer) / approx. 18.5 kg (with roll paper unit),615 × 368 × 199 mm (storage) / 615 × 905 × 520 mm (operating),,,15,"C12C935711, C13T47A100, C13T47A200, C13T47A300, C13T47A400, C13T47A500, C13T47A600, C13T47A700, C13T47A800, C13T47A900, C13T47AD00, C13S042123, C13S041725, C13S041846, C13S041785"
epson-sc-p5300,Epson SureColor SC-P5300,SC-P5300,Epson,photography_large_format,photo_17_desktop,surecolor_p,https://www.keplertechllc.com/product/epson-sc-p5300-professional-photo-printer/,https://www.keplertechllc.com/wp-content/uploads/2024/02/Epson-SureColor-SC-P5300-Professional-17-Photo-Printer.webp,,Price on Request,17-inch,17.0,colour,print,"pro_studio_photography, fine_art, commercial_proofing","17-inch, A2, A3+, A3, A4",Approx. 66 sec for 8×10″ on Premium Glossy Photo Paper,"5,760 × 1,440 DPI",False,False,,"1,024 MB (1 GB) RAM","10 Colours (Photo Black, Matte Black, Cyan, Vivid Magenta, Yellow, Light Cyan, Vivid Light Magenta, Gray, Light Gray, Violet)",UltraChrome PRO10 Inks with Carbon Black mode & Violet channel,200ml High-Capacity Cartridges,High D-Max archival proofing & gallery photographic yield,High D-Max archival proofing & gallery photographic yield (200ml High-Capacity Cartridges),52 kg (net weight),863 × 766 × 405 mm (W × D × H),,,14,"C13S210125, C13T55W100, C13T55W200, C13T55W300, C13T55W400, C13T55W500, C13T55W600, C13T55W700, C13T55W800, C13T55W900, C13T55WD00, C13S042123, C13S041725, C13S041846"
epson-sc-p6500e,Epson SureColor SC-P6500E,SC-P6500E,Epson,photography_large_format,photo_24_professional,surecolor_p,https://www.keplertechllc.com/product/epson-surecolor-sc-p6500de-printer/,https://www.keplertechllc.com/wp-content/uploads/2024/02/Epson-SureColor-SC-P6500D-Large-Format-Printer.webp,,Price on Request,24-inch,24.0,colour,print,"commercial_photo, retail_printing, posters","24-inch, A1, A2, A3, A4",High-speed production fine art printing up to 18 m²/hr,"2,400 × 1,200 DPI",False,False,,"4,096 MB (4 GB) RAM + Optional 960 GB SSD","6 Colours (Photo Black, Matte Black, Cyan, Magenta, Yellow, Gray)",UltraChrome PRO6 Aqueous Pigment Ink with Dedicated Gray,350ml and 700ml Tanks,"Over 2,000 m² high-capacity commercial photo and poster output","Over 2,000 m² high-capacity commercial photo and poster output (350ml and 700ml Tanks)",118 kg (net weight),"1,365 × 829 × 975 mm (W × D × H)",,,18,"C13S210115, C13S210116, C13S210117, C13T48M100, C13T48M200, C13T48M300, C13T48M400, C13T48M800, C13T48ME00, C13T48U100, C13T48U200, C13T48U300, C13T48U400, C13T48U800, C13T48UE00, C13S041595, C13S041847, C13S041385"
epson-sc-p6500d,Epson SureColor SC-P6500D,SC-P6500D,Epson,photography_large_format,photo_24_professional,surecolor_p,https://www.keplertechllc.com/product/epson-sc-p6500d-large-format-printer/,https://www.keplertechllc.com/wp-content/uploads/2024/02/Epson-SureColor-SC-P6500D-Photo-Printer.webp,,Price on Request,24-inch,24.0,colour,print,"commercial_photo, dual_roll_photo, posters","24-inch, A1, A2, A3, A4",High-speed production fine art printing up to 18 m²/hr,"2,400 × 1,200 DPI",False,True,,"4,096 MB (4 GB) RAM + Optional 960 GB SSD","6 Colours (Photo Black, Matte Black, Cyan, Magenta, Yellow, Gray)",UltraChrome PRO6 Aqueous Pigment Ink with Dedicated Gray,350ml and 700ml Tanks,Continuous dual-roll commercial photo & poster production,Continuous dual-roll commercial photo & poster production (350ml and 700ml Tanks),118 kg (net weight dual-roll),"1,365 × 829 × 975 mm (W × D × H)",,,18,"C13S210115, C13S210116, C13S210117, C13T48M100, C13T48M200, C13T48M300, C13T48M400, C13T48M800, C13T48ME00, C13T48U100, C13T48U200, C13T48U300, C13T48U400, C13T48U800, C13T48UE00, C13S041595, C13S041847, C13S041385"
epson-sc-p6500de,Epson SureColor SC-P6500DE,SC-P6500DE,Epson,photography_large_format,photo_24_professional,surecolor_p,https://www.keplertechllc.com/product/epson-surecolor-sc-p6500de-printer/,https://www.keplertechllc.com/wp-content/uploads/2024/02/Epson-SureColor-SC-P6500D-Large-Format-Printer.webp,,Price on Request,24-inch,24.0,colour,print,"commercial_photo, postscript_photo, dual_roll","24-inch, A1, A2, A3, A4",High-speed production fine art printing up to 18 m²/hr,"2,400 × 1,200 DPI",False,True,,"4,096 MB (4 GB) RAM + Optional 960 GB SSD","6 Colours (Photo Black, Matte Black, Cyan, Magenta, Yellow, Gray)",UltraChrome PRO6 Aqueous Pigment Ink with Dedicated Gray,350ml and 700ml Tanks,Dual-roll high-capacity photographic production yield,Dual-roll high-capacity photographic production yield (350ml and 700ml Tanks),118 kg (net weight dual-roll),"1,365 × 829 × 975 mm (W × D × H)",,,18,"C13S210115, C13S210116, C13S210117, C13T48M100, C13T48M200, C13T48M300, C13T48M400, C13T48M800, C13T48ME00, C13T48U100, C13T48U200, C13T48U300, C13T48U400, C13T48U800, C13T48UE00, C13S041595, C13S041847, C13S041385"
epson-sc-p7500,Epson SureColor SC-P7500,SC-P7500,Epson,photography_large_format,photo_24_professional,surecolor_p,https://www.keplertechllc.com/product/epson-surecolor-sc-p7500-large-format-printer/,https://www.keplertechllc.com/wp-content/uploads/2023/03/Epson-P7500-Printer.webp,https://www.keplertechllc.com/wp-content/uploads/2025/09/epson-surecolor-sc-p7500-datasheet-kepler-tech.pdf,Price on Request,24-inch,24.0,colour,print,"fine_art, gallery_exhibition, colour_critical_proofing","24-inch, A1, A2, A3, A4",Fine art 24″ photo output: up to 12.5 m²/hr,"2,400 × 1,200 DPI",False,False,,"2,048 MB (2 GB) RAM + Optional 320 GB HDD","12 Colours (Photo Black, Matte Black, Cyan, Light Cyan, Vivid Magenta, Vivid Light Magenta, Yellow, Gray, Light Gray, Orange, Green, Violet)",UltraChrome PRO12 All-Pigment Inks with K3 Technology (99% Pantone),350ml and 700ml Individual Ink Cartridges,Exhibition contract proofing and gallery photographic yield,Exhibition contract proofing and gallery photographic yield (350ml and 700ml Individual Ink Cartridges),122 kg (net weight standard),"1,401 × 667 × 1,218 mm (W × D × H)",,,30,"C13T619300, C13T699700, C13T44Q140, C13T44Q240, C13T44Q340, C13T44Q440, C13T44Q540, C13T44Q640, C13T44Q740, C13T44Q840, C13T44Q940, C13T44QA40, C13T44QB40, C13T44QD40, C13T44J140, C13T44J240, C13T44J340, C13T44J440, C13T44J540, C13T44J640, C13T44J740, C13T44J840, C13T44J940, C13T44JA40, C13T44JB40, C13T44JD40, C13S041595, C13S041847, C13S042081, C13S045055"
epson-sc-p7500-spectro,Epson SureColor SC-P7500 Spectro,SC-P7500,Epson,photography_large_format,photo_24_professional,surecolor_p,https://www.keplertechllc.com/product/epson-surecolor-sc-p7500-large-format-printer/,https://www.keplertechllc.com/wp-content/uploads/2023/03/Epson-P7500-Printer.webp,https://www.keplertechllc.com/wp-content/uploads/2025/09/epson-surecolor-sc-p7500-datasheet-kepler-tech.pdf,Price on Request,24-inch,24.0,colour,print,"contract_proofing, packaging_proofing, colour_calibration","24-inch, A1, A2, A3, A4",Fine art 24″ photo output: up to 12.5 m²/hr,"2,400 × 1,200 DPI",False,False,True,"2,048 MB (2 GB) RAM + Optional 320 GB HDD","12 Colours (Photo Black, Matte Black, Cyan, Light Cyan, Vivid Magenta, Vivid Light Magenta, Yellow, Gray, Light Gray, Orange, Green, Violet)",UltraChrome PRO12 All-Pigment Inks (99% Pantone Matching),350ml and 700ml Individual Ink Cartridges,Certified contract proofing and packaging proof certification,Certified contract proofing and packaging proof certification (350ml and 700ml Individual Ink Cartridges),138 kg (with factory-integrated SpectroProofer),"1,401 × 667 × 1,218 mm (W × D × H)",,,30,"C13T619300, C13T699700, C13T44Q140, C13T44Q240, C13T44Q340, C13T44Q440, C13T44Q540, C13T44Q640, C13T44Q740, C13T44Q840, C13T44Q940, C13T44QA40, C13T44QB40, C13T44QD40, C13T44J140, C13T44J240, C13T44J340, C13T44J440, C13T44J540, C13T44J640, C13T44J740, C13T44J840, C13T44J940, C13T44JA40, C13T44JB40, C13T44JD40, C13S041595, C13S041847, C13S042081, C13S045055"
epson-sc-p8500d,Epson SureColor SC-P8500D,SC-P8500D,Epson,photography_large_format,photo_44_professional,surecolor_p,https://www.keplertechllc.com/product/epson-sc-p8500d-large-format-printer/,https://www.keplertechllc.com/wp-content/uploads/2024/02/Epson-SureColor-SC-P8500D.webp,,Price on Request,44-inch,44.0,colour,print,"high_volume_commercial_photo, dual_roll_photo, canvas","44-inch, 36-inch, 24-inch, B0, A0, A1",Production photo output up to 25 m²/hr,"2,400 × 1,200 DPI",False,True,,"4,096 MB (4 GB) RAM + Optional 960 GB SSD","6 Colours (Photo Black, Matte Black, Cyan, Magenta, Yellow, Gray)",UltraChrome PRO6 Aqueous Pigment Ink with Dedicated Gray,350ml and 700ml Tanks,Large-format continuous dual-roll commercial photo production,Large-format continuous dual-roll commercial photo production (350ml and 700ml Tanks),155 kg (net weight dual-roll),"1,848 × 829 × 975 mm (W × D × H)",,,19,"C13S210115, C13S210116, C13S210117, C13T48M100, C13T48M200, C13T48M300, C13T48M400, C13T48M800, C13T48ME00, C13T48U100, C13T48U200, C13T48U300, C13T48U400, C13T48U800, C13T48UE00, C13S041597, C13S041848, C13S041387, C13S042083"
epson-sc-p8500dm,Epson SureColor SC-P8500DM,SC-P8500DM,Epson,photography_large_format,photo_44_professional,surecolor_p,https://www.keplertechllc.com/product/epson-sc-p8500dm-multifuctional-printer/,https://www.keplertechllc.com/wp-content/uploads/2024/02/Epson-SureColor-SC-P8500DM-Multifunctional-Printer.webp,,Price on Request,44-inch,44.0,colour,"print, scan, copy","production_photo_mfp, artwork_scanning, photo_copying","44-inch, 36-inch, 24-inch, B0, A0, A1",Production photo output up to 25 m²/hr; Scan: integrated 36″ scanner,"2,400 × 1,200 DPI (Print) / 600 DPI (Scan)",True,True,,"4,096 MB (4 GB) RAM + 960 GB SSD","6 Colours (Photo Black, Matte Black, Cyan, Magenta, Yellow, Gray)",UltraChrome PRO6 Aqueous Pigment Ink with Dedicated Gray,350ml and 700ml Tanks,Dual-roll high-capacity unattended commercial poster & photo production,Dual-roll high-capacity unattended commercial poster & photo production (350ml and 700ml Tanks),164 kg (with stand and integrated 36″ scanner),"1,848 × 829 × 975 mm (W × D × H)",,,19,"C13S210115, C13S210116, C13S210117, C13T48M100, C13T48M200, C13T48M300, C13T48M400, C13T48M800, C13T48ME00, C13T48U100, C13T48U200, C13T48U300, C13T48U400, C13T48U800, C13T48UE00, C13S041597, C13S041848, C13S041387, C13S042083"
epson-sc-p9500,Epson SureColor SC-P9500,SC-P9500,Epson,photography_large_format,photo_44_professional,surecolor_p,https://www.keplertechllc.com/product/epson-surecolor-p9500-large-format-printer/,https://www.keplertechllc.com/wp-content/uploads/2016/03/Epson-P9500-Printer-4.webp,https://www.keplertechllc.com/wp-content/uploads/2023/05/Epson-SureColor-SC-P9500-Datasheet.pdf,Price on Request,44-inch,44.0,colour,print,"fine_art, gallery_exhibition, master_photographs, proofing","44-inch, 36-inch, 24-inch, B0, A0, A1",Fine art 44″ photo output: up to 12.5 m²/hr,"2,400 × 1,200 DPI",False,False,,"2,048 MB (2 GB) RAM + Optional 320 GB HDD","12 Colours (Photo Black, Matte Black, Cyan, Light Cyan, Vivid Magenta, Vivid Light Magenta, Yellow, Gray, Light Gray, Orange, Green, Violet)",UltraChrome PRO12 All-Pigment Inks with K3 Technology (99% Pantone),350ml and 700ml Individual Ink Cartridges,Exhibition gallery yield with 99% Pantone gamut coverage,Exhibition gallery yield with 99% Pantone gamut coverage (350ml and 700ml Individual Ink Cartridges),154 kg (net weight standard),"1,909 × 667 × 1,218 mm (W × D × H)",,,30,"C13T619300, C13T699700, C13T44Q140, C13T44Q240, C13T44Q340, C13T44Q440, C13T44Q540, C13T44Q640, C13T44Q740, C13T44Q840, C13T44Q940, C13T44QA40, C13T44QB40, C13T44QD40, C13T44J140, C13T44J240, C13T44J340, C13T44J440, C13T44J540, C13T44J640, C13T44J740, C13T44J840, C13T44J940, C13T44JA40, C13T44JB40, C13T44JD40, C13S041597, C13S041848, C13S042083, S045259"
epson-sc-p9500-spectro,Epson SureColor SC-P9500 Spectro,SC-P9500,Epson,photography_large_format,photo_44_professional,surecolor_p,https://www.keplertechllc.com/product/epson-surecolor-p9500-large-format-printer/,https://www.keplertechllc.com/wp-content/uploads/2016/03/Epson-P9500-Printer-4.webp,https://www.keplertechllc.com/wp-content/uploads/2023/05/Epson-SureColor-SC-P9500-Datasheet.pdf,Price on Request,44-inch,44.0,colour,print,"contract_proofing, packaging_proofing, exhibition_grading","44-inch, 36-inch, 24-inch, B0, A0, A1",Fine art 44″ photo output: up to 12.5 m²/hr,"2,400 × 1,200 DPI",False,False,True,"2,048 MB (2 GB) RAM + Optional 320 GB HDD","12 Colours (Photo Black, Matte Black, Cyan, Light Cyan, Vivid Magenta, Vivid Light Magenta, Yellow, Gray, Light Gray, Orange, Green, Violet)",UltraChrome PRO12 All-Pigment Inks (99% Pantone Matching),350ml and 700ml Individual Ink Cartridges,Certified contract proofing and packaging proof certification,Certified contract proofing and packaging proof certification (350ml and 700ml Individual Ink Cartridges),170 kg (with factory-integrated SpectroProofer),"1,909 × 667 × 1,218 mm (W × D × H)",,,30,"C13T619300, C13T699700, C13T44Q140, C13T44Q240, C13T44Q340, C13T44Q440, C13T44Q540, C13T44Q640, C13T44Q740, C13T44Q840, C13T44Q940, C13T44QA40, C13T44QB40, C13T44QD40, C13T44J140, C13T44J240, C13T44J340, C13T44J440, C13T44J540, C13T44J640, C13T44J740, C13T44J840, C13T44J940, C13T44JA40, C13T44JB40, C13T44JD40, C13S041597, C13S041848, C13S042083, S045259"
epson-sc-p20500,Epson SureColor SC-P20500,SC-P20500,Epson,photography_large_format,photo_64_production,surecolor_p,https://www.keplertechllc.com/product/epson-surecolor-sc-p20500-printer/,https://www.keplertechllc.com/wp-content/uploads/2024/08/Epson-SC-P20500-Large-Format-Printer.webp,,Price on Request,64-inch,64.0,colour,print,"high_volume_fine_art, super_wide_photography, canvas_production","64-inch, 44-inch, 36-inch, 24-inch",64-inch production photo output up to 19.2 m²/hr (1.6L bulk ink system),"2,400 × 1,200 DPI",False,True,,"4,096 MB (4 GB) RAM + 960 GB SSD","12 Colours (Photo Black, Matte Black, Cyan, Light Cyan, Vivid Magenta, Vivid Light Magenta, Yellow, Gray, Light Gray, Orange, Green, Violet)","UltraChrome PRO12 Aqueous Pigment Inks with Orange, Green & Violet","1,600ml (1.6 Litre) High-Capacity Ink Packs","Bulk industrial photographic production (over 5,000 m² yield)","Bulk industrial photographic production (over 5,000 m² yield) (1,600ml (1.6 Litre) High-Capacity Ink Packs)",260 kg (net weight),"2,415 × 700 × 1,145 mm (W × D × H)",,,18,"C13S210115, C13S210116, C13T56F100, C13T56F200, C13T56F300, C13T56F400, C13T56F500, C13T56F600, C13T56F700, C13T56F800, C13T56F900, C13T56FA00, C13T56FB00, C13T56FD00, C13S042138, C13S042135, C13S045065, C13S045107"
citizen-cz-01,Citizen CZ-01,CZ-01,Citizen,citizen_photo,citizen_4_inch,citizen,https://www.keplertechllc.com/product/citizen-cz-01-photo-printer/,https://www.keplertechllc.com/wp-content/uploads/2023/04/Citizen-CZ-01-Photo-Printer.webp,https://www.keplertechllc.com/wp-content/uploads/2023/05/Citizen-CZ-01-Photo-Printer-Datasheet.pdf,3200.0,4.5-inch,4.5,colour,print,"photo_booth, compact_events, id_photos, mobile_studio","4x4, 4x6, 4.5x4.5, 4.5x8",4×4″: 16.3s; 4×6″: 18.8s; 4.5×4.5″: 19.5s; 4.5×8″: 23.1s,300 × 300 DPI (High-speed) / 300 × 600 DPI (High-resolution),False,False,,64 MB Internal Image Buffer,"3 Colours + Overcoat (Yellow, Magenta, Cyan + Protective Laminate)",Thermal Dye-Sublimation with Driver-Selectable Glossy / Matte Finish,CZ-MS46 (4×6″) and CZ-MS458 (4.5×8″) Media Packs,150 prints/roll (300 prints per 2-roll box of CZ-MS46),150 prints per roll (4×6″); 300 prints per 2-roll box of CZ-MS46,5.8 kg (net weight excluding media); package weight: 8.5 kg,208 × 240 × 198 mm (20.8 × 24.0 × 19.8 cm),,,5,"CZ-MS46, CZ-MS458, CZ01-MEDIA-4X6, CZ01 Carry Bag, Citizen Pen"
citizen-cx-02,Citizen CX-02,CX-02,Citizen,citizen_photo,citizen_6_inch,citizen,https://www.keplertechllc.com/product/citizen-cx-02-photo-printer/,https://www.keplertechllc.com/wp-content/uploads/2023/03/Citizen-CX-02-Photo-Printer-Dubai.webp,https://www.keplertechllc.com/wp-content/uploads/2023/05/Citizen-CX-02-Photo-Printer-Datasheet.pdf,4385.0,6-inch,6.0,colour,print,"photo_booth, event_photography, instant_portraits, retail_kiosk","4x6, 5x7, 6x8, 6x9, 2x6",4×6″: 8.4s (High Speed) / 9.8s (High Quality); 5×7″: 14.2s; 6×8″: 15.6s; 6×9″: 20.8s,300 × 300 DPI (High-speed) / 300 × 600 DPI (High-resolution),False,False,,64 MB Internal Image Buffer,"3 Colours + Overcoat (Yellow, Magenta, Cyan + Protective Laminate)",Thermal Dye-Sublimation with Ribbon-Save Rewind & Glossy/Matte Control,CX2.4X6 (4×6″) and CX2.6X8 (6×8″) Media Packs,400 prints/roll (800 prints per 2-roll box of CX2.4X6),400 prints per roll (4×6″) / 200 prints per roll (6×8″); 800 prints per 2-roll box of CX2.4X6,12.0 kg (net weight excluding media); package weight: 13.5 kg,275 × 366 × 170 mm (27.5 × 36.6 × 17.0 cm),,,4,"CX2.4x6, CX2.6X8, Citizen CX-02 Bag, Citizen Pen"
citizen-cy-02,Citizen CY-02,CY-02,Citizen,citizen_photo,citizen_6_inch,citizen,https://www.keplertechllc.com/product/citizen-cy-02-photo-printer/,https://www.keplertechllc.com/wp-content/uploads/2023/04/Citizen-CY-02-Photo-Printer.webp,https://www.keplertechllc.com/wp-content/uploads/2023/05/Citizen-CY-02-Photo-Printer-Datasheet.pdf,3400.0,6-inch,6.0,colour,print,"high_capacity_photo_booth, retail_kiosk, unattended_events","4x6, 6x8",4×6″: 12.4 seconds (approx. 290 prints/hour); 6×8″: 21.9 seconds (approx. 164 prints/hour),300 × 300 DPI (High-speed) / 300 × 600 DPI (High-resolution),False,False,,64 MB Internal Image Buffer,"3 Colours + Overcoat (Yellow, Magenta, Cyan + Protective Laminate)",Thermal Dye-Sublimation with Commercial Overcoat Protection,CY-MS46 (4×6″) and CY-MS68 (6×8″) Media Packs,"700 prints/roll (1,400 prints per 2-roll box of CY-MS46)","700 prints per roll (4×6″) / 350 prints per roll (6×8″); 1,400 prints per 2-roll box of CY-MS46",13.8 kg (net weight excluding media); package weight: 16.5 kg,322 × 351 × 281 mm (32.2 × 35.1 × 28.1 cm),,,4,"CY-MS46, CY-MS68, CY02Bag, Citizen Pen"
citizen-cx-02w,Citizen CX-02W,CX-02W,Citizen,citizen_photo,citizen_8_inch,citizen,https://www.keplertechllc.com/product/citizen-cx-02w-large-photo-printer/,https://www.keplertechllc.com/wp-content/uploads/2023/04/Citizen-CX-02W-Photo-Printer.webp,https://www.keplertechllc.com/wp-content/uploads/2023/05/Citizen-CX-02-Photo-Printer-Datasheet.pdf,6820.0,8-inch,8.0,colour,print,"wide_photo_booth, school_portraits, studio_portraits, events","8x10, 8x12, a4",8×12″: 39.2 sec; A4: 38.4 sec,300 × 300 DPI (High-speed) / 300 × 600 DPI (High-resolution),False,False,,64 MB Internal Image Buffer,"3 Colours + Overcoat (Yellow, Magenta, Cyan + Protective Laminate)","Thermal Dye-Sublimation supporting Standard, Silver Pearl & Metallic media",CX2W 812 (8×10″ and 8×12″) Media Packs,110 prints per roll (220 prints per 2-roll box of CX2W 812),110 prints per roll (8×12″); 220 prints per 2-roll box of CX2W 812,14.0 kg (without paper and ribbon); package weight: 16.5 kg,322 × 366 × 170 mm (32.2 × 36.6 × 17.0 cm),,,2,"CX2W 812, Citizen Pen"
epson-sc-f100,Epson SureColor SC-F100,SC-F100,Epson,dye_sublimation,dye_sublimation_desktop,surecolor_f,https://www.keplertechllc.com/product/epson-surecolor-sc-f100-printer/,https://www.keplertechllc.com/wp-content/uploads/2023/07/Epson-F100.webp,https://www.keplertechllc.com/wp-content/uploads/2023/07/Epson-SureColor-SC-F100-Printer-Datasheet.pdf,1950.0,a4,8.5,colour,print,"dye_sublimation, garment_printing, fabric_printing, transfer_printing, personalised_products","A4, A5, Letter",Approx. 65 sec per A4 sublimation transfer page,"600 × 1,200 DPI",False,False,,"1,024 MB (1 GB) RAM","4 Colours (Cyan, Magenta, Yellow, High-Density Black)",Epson UltraChrome DS Dye-Sublimation Ink (OEKO-TEX ECO PASSPORT),140ml Refill Ink Bottles (T49N Series),140ml Refill Ink Tank System (Zero cartridge waste),140ml Refill Ink Tank System (Zero cartridge waste) (140ml Refill Ink Bottles (T49N Series)),4.6 kg (net weight excluding inks),375 × 347 × 187 mm (W × D × H),,,7,"C13T49N100, C13T49N200, C13T49N300, C13T49N400, C13S210125, C13S400078, C13S400077"
epson-sc-f500,Epson SureColor SC-F500,SC-F500,Epson,dye_sublimation,dye_sublimation_24_inch,surecolor_f,https://www.keplertechllc.com/product/epson-surecolor-sc-f500-dye-sublimation-printer/,https://www.keplertechllc.com/wp-content/uploads/2026/04/epson-SC-F500.jpg.jpeg,https://www.keplertechllc.com/wp-content/uploads/2026/04/surecolor-sc-f500-datasheet-kepler.pdf,Price on Request,24-inch,24.0,colour,print,"dye_sublimation, t_shirt_printing, garment_printing, apparel_printing, fabric_printing, soft_signage, transfer_printing, personalised_products","A4, A3, 24-inch",Approx. 70 sec per A1 sublimation transfer sheet,"2,400 × 1,200 DPI",False,False,,"1,024 MB (1 GB) RAM","4 Colours (Cyan, Magenta, Yellow, High-Density Black)",Epson UltraChrome DS Dye-Sublimation Ink (Vibrant textiles & hard goods),140ml Refill Ink Bottles (T49N Series),140ml Refill Ink Tank System (Refill while printing),140ml Refill Ink Tank System (Refill while printing) (140ml Refill Ink Bottles (T49N Series)),29 kg (without stand) / 38 kg (with stand),970 × 811 × 245 mm (without stand) / 970 × 811 × 913 mm (with stand),,,12,"C13T49N100, C13T49N200, C13T49N300, C13T49N400, C13S210057, C13S210055, C13S400078, C13S400077, C13S400082, C13S400081, C13S400079, C13S400080"
