id,display_name,model_family,brand,main_category,subcategory,scanner_type,product_url,image_url,brochure_url,price_aed,scan_speed,dpi,optical_resolution,optical_density,scanning_range,features,warranty,weight,dimensions,recommended_monthly_min,recommended_monthly_max,consumables_skus,short_description
epson-expression-12000xl-pro,Epson Expression 12000XL Pro. Photo Scanner,Expression 12000XL Pro,Epson,scanners,photo_scanners,High-Resolution A3 Graphic & Photo Scanner with Transparency Unit,https://www.keplertechllc.com/product/epson-expression-12000xl-pro-photo-scanner/,https://www.keplertechllc.com/wp-content/uploads/2023/12/Epson-Expression-12000XL-Pro.-Photo-Scanner.webp,,,12 s/page (Monochrome & Color),"2,400 × 4,800 DPI","2,400 DPI x 4,800 DPI",3.8 Dmax,310 mm x 437 mm (A3 format),"High-resolution A3 graphic scanner with exceptional image quality and precision; 3.8 Dmax optical density; includes Transparency Unit for slides, film strips, and medium/large format negatives.",12 months On-site service,20.5 kg (with TPU transparency unit) / 14.3 kg (main unit),656 × 458 × 292 mm (W × D × H),100,2000,,
epson-expression-12000xl,Epson Expression 12000XL Photo Scanner,Expression 12000XL,Epson,scanners,photo_scanners,High-Resolution A3 Graphic & Photo Flatbed Scanner,https://www.keplertechllc.com/product/epson-expression-12000xl-photo-scanner/,https://www.keplertechllc.com/wp-content/uploads/2023/12/Epson-Expression-12000XL-Photo-Scanner.webp,,,12 s/page (Monochrome and Color),"2,400 × 4,800 DPI","2,400 DPI x 4,800 DPI",,310 mm x 437 mm (A3 format),"Professional-grade A3 graphics scanner with ReadyScan LED technology, reliable performance, and zero warm-up time.",12 months On-site service,14.3 kg (net weight),656 × 458 × 158 mm (W × D × H),100,2000,,"Epson Expression 12000XL Photo Scanner is your gateway to professional-grade scanning, offering the reliability and performance expected from a professional photo scanner. Discover exceptional clarity in the comfort of your own space. This A3 graphics scanner ensures superior results up to A3 format, boasting an impressive 2,400 x 4,800 dpi resolution for impeccable detail and precision in every scan. With its high-precision Micro Step Drive technology, you can achieve unmatched accuracy while scanning artwork, documents, or high-resolution images. Equipped with the powerful SilverFast Ai 8.8 software, this large-format scanner gives you access to advanced image-processing tools to effortlessly perfect your scanned output.
For those seeking to digitize films and slides, the optional TPU Transparency Unit expands this scanner’s capabilities even further. This makes it a versatile solution for users who require a film and slide scanner with exceptional quality, ensuring your memories and archival materials are preserved in stunning, high-quality digital formats.
A3 Graphics Scanner
Optical Resolution: 2,400 DPI x 4,800 DPI
Light Source: ReadyScan LED technology
Scanning Speed: 12 s/page (Monochrome and Color)
Warranty: 12 months On-site service
Product Data Sheet"
epson-workforce-ds-1630,Epson WorkForce WF DS-1630 Flatbed Color Document Scanner,DS-1630,Epson,scanners,hybrid_scanners,Flatbed Scanner with Automatic Document Feeder (ADF),https://www.keplertechllc.com/product/epson-workforce-ds-1630-flatbed-color-document-scanner/,https://www.keplertechllc.com/wp-content/uploads/2023/11/Epson-WorkForce-DS-1630-Flatbed-Color-Document-Scanner.webp,,,25 ppm (mono/color),"1,200 × 1,200 DPI","1,200 x 1,200 dpi",,,Affordable flatbed scanner with ADF for dual-purpose scanning of bound books/passports on the glass platen and multi-page documents via ADF.,12 months On-site service,3.7 kg (net weight),318 × 451 × 121 mm (W × D × H),200,1500,,
epson-workforce-ds-1660w,Epson WorkForce WF DS-1660W Wi-Fi Flatbed Color Scanner,DS-1660W,Epson,scanners,hybrid_scanners,Flatbed Scanner with ADF & Wireless Connectivity,https://www.keplertechllc.com/product/epson-workforce-ds-1660w-wi-fi-flatbed-color-scanner/,https://www.keplertechllc.com/wp-content/uploads/2023/11/Epson-WorkForce-DS-1660W-Wi-Fi-flatbed-Color-Scanner.webp,,,25 Pages/min (Mono and Color),"1,200 × 1,200 DPI","1,200 dpi x 1,200 dpi",,,"Affordable Flatbed Scanner with ADF, Wi-Fi wireless connectivity, ReadyScan LED technology, and USB 3.0 for seamless workplace scanning.",12 months On-site service,3.7 kg (net weight),318 × 451 × 121 mm (W × D × H),200,1500,,
epson-workforce-ds-6500,Epson WorkForce WF DS-6500 Color Document Scanner,DS-6500,Epson,scanners,hybrid_scanners,Flatbed Scanner with 100-page ADF,https://www.keplertechllc.com/product/epson-workforce-ds-6500-color-document-scanner/,https://www.keplertechllc.com/wp-content/uploads/2023/12/Epson-WorkForce-DS-6500-Color-Document-Scanner.webp,,,25 pages per minute (50 ipm duplex),"1,200 × 1,200 DPI","1,200 x 1,200 dpi",,,Powerful A4 scanning for streamlined business workflows; 100-page ADF with one-pass duplex scanning plus full flatbed glass platen for bound documents; Energy Star qualified.,12 months On-site service,9.8 kg (net weight),495 × 360 × 217 mm (W × D × H),500,3000,,
epson-workforce-ds-6500n,Epson WorkForce WF DS-6500N Color Document Scanner,DS-6500N,Epson,scanners,hybrid_scanners,Network-Ready Flatbed Scanner with 100-page ADF,https://www.keplertechllc.com/product/epson-workforce-ds-6500n-color-document-scanner/,https://www.keplertechllc.com/wp-content/uploads/2023/12/Epson-WorkForce-DS-6500N-Color-Document-Scanner.webp,,,25 pages per minute (50 ipm duplex),"1,200 × 1,200 DPI","1,200 x 1,200 dpi",,,"A4 Network Business Scanner with built-in Ethernet for multi-user sharing, 100-page duplex ADF, and flatbed glass for books and delicate media.",12 months On-site service,9.8 kg (net weight),495 × 360 × 217 mm (W × D × H),500,3000,,
epson-workforce-ds-7500,Epson WorkForce WF DS-7500 Color Document Scanner,DS-7500,Epson,scanners,hybrid_scanners,High-Speed Flatbed Scanner with 100-page ADF,https://www.keplertechllc.com/product/epson-workforce-ds-7500-color-document-scanner/,https://www.keplertechllc.com/wp-content/uploads/2023/12/Epson-WorkForce-DS-7500-Color-Document-Scanner.webp,,,40 pages per minute (80 ipm duplex),"1,200 × 1,200 DPI","1,200 x 1,200 dpi",,,"High-speed A4 color scanning for demanding businesses up to 40 ppm / 80 ipm with Double Feed Detection, 100-page ADF, and flatbed.",12 months On-site service,9.8 kg (net weight),495 × 360 × 217 mm (W × D × H),1000,4000,,
epson-workforce-ds-7500n,Epson WorkForce WF DS-7500N Color Document Scanner,DS-7500N,Epson,scanners,hybrid_scanners,Network Departmental Flatbed Scanner with 100-page ADF,https://www.keplertechllc.com/product/epson-workforce-ds-7500n-color-document-scanner/,https://www.keplertechllc.com/wp-content/uploads/2023/12/Epson-WorkForce-DS-7500N-Color-Document-Scanner.webp,,,40 ppm / 80 ipm,"1,200 × 1,200 DPI","1,200 x 1,200 dpi",,,"A4 Network-Ready Departmental Scanner with speeds up to 40 ppm / 80 ipm, 100-page ADF, one-pass duplex, and ReadyScan LED technology.",12 months On-site service,9.8 kg (net weight),495 × 360 × 217 mm (W × D × H),1000,4000,,
epson-workforce-ds-60000,Epson WorkForce WF DS-60000 Color Document Scanner,DS-60000,Epson,scanners,hybrid_scanners,"Flatbed Scanner, Sheetfed Scanner (A3 Departmental)",https://www.keplertechllc.com/product/epson-workforce-ds-60000-color-document-scanner/,https://www.keplertechllc.com/wp-content/uploads/2023/12/Epson-WorkForce-DS-60000-Color-Document-Scanner.webp,,,40 ppm (Monochrome and Color),600 × 600 DPI,600 DPI x 600 DPI,,,Reliable A3 departmental scanning for busy workgroups; dual flatbed and sheetfed ADF supporting up to A3/ledger size originals; ENERGY-STAR qualified.,12 months On-site service,26.9 kg (net weight),640 × 522 × 289 mm (W × D × H),1000,5000,,
epson-workforce-ds-60000n,Epson WorkForce WF DS-60000N Color Document Scanner,DS-60000N,Epson,scanners,hybrid_scanners,"Flatbed Scanner, Sheetfed Scanner (A3 Network Departmental)",https://www.keplertechllc.com/product/epson-workforce-ds-60000n-color-document-scanner/,https://www.keplertechllc.com/wp-content/uploads/2023/12/Epson-WorkForce-DS-60000N-Color-Document-Scanner.webp,,,40 ppm (Mono & Color),600 × 600 DPI,600 DPI x 600 DPI (Horizontal x Vertical),,,High-performance A3 Network-Ready Departmental Scanner with dual flatbed platen and ADF for demanding office environments.,12 months On-site service,26.9 kg (net weight),640 × 522 × 289 mm (W × D × H),1000,5000,,
epson-workforce-ds-70000,Epson WorkForce WF DS-70000 Color Document Scanner,DS-70000,Epson,scanners,hybrid_scanners,"Flatbed Scanner, Sheetfed Scanner (A3 Document Business Scanner)",https://www.keplertechllc.com/product/epson-workforce-ds-70000-color-document-scanner/,https://www.keplertechllc.com/wp-content/uploads/2023/12/Epson-WorkForce-DS-70000-Color-Document-Scanner.webp,,,70 ppm / 140 ipm,600 × 600 DPI,600 DPI x 600 DPI,,,"Powerful A3 scanning for demanding offices and enterprises at 70 ppm / 140 ipm, featuring both heavy-duty ADF and large A3 flatbed glass.",12 months On-site service,26.9 kg (net weight),640 × 522 × 289 mm (W × D × H),2000,10000,,
epson-workforce-ds-70000n,Epson WorkForce WF DS-70000N Color Document Scanner,DS-70000N,Epson,scanners,hybrid_scanners,"Flatbed Scanner, Sheetfed Scanner (A3 Network-Ready)",https://www.keplertechllc.com/product/epson-workforce-ds-70000n-color-document-scanner/,https://www.keplertechllc.com/wp-content/uploads/2023/12/Epson-WorkForce-DS-70000N-Color-Document-Scanner.webp,,,70 ppm (Mono and Color),600 × 600 DPI,600 DPI x 600 DPI,,,"Powerful A3 Network-Ready Document Scanner for fast, accurate, high-volume workflows at 70 ppm, with integrated flatbed and high-capacity ADF.",12 months On-site service,26.9 kg (net weight),640 × 522 × 289 mm (W × D × H),2000,10000,,
epson-workforce-ds-900wn,Epson WorkForce DS-900WN High-Speed Network Document Scanner,DS-900WN,Epson,scanners,business_scanners,Sheetfed Scanner (High-Speed Network),https://www.keplertechllc.com/product/epson-workforce-ds-900wn-high-speed-network-document-scanner/,https://www.keplertechllc.com/wp-content/uploads/2026/05/WorkForce-DS-900WN-scaled.webp,,,70ppm / 140ipm,600 × 600 DPI,600 dpi x 600 dpi,,,"Fast, secure network scanner for efficient office document management. 70ppm/140ipm high speed, 11,000 page daily duty cycle, customizable LCD touchscreen with PC-free scanning, Open platform integration.",12 months On-site service,3.7 kg (net weight),296 × 212 × 217 mm (W × D × H),5000,250000,,
epson-workforce-ds-800wn,Epson WorkForce DS-800WN Document Scanner,DS-800WN,Epson,scanners,business_scanners,Sheetfed Scanner (Network Document Scanner),https://www.keplertechllc.com/product/epson-workforce-ds-800wn-document-scanner/,https://www.keplertechllc.com/wp-content/uploads/2026/05/WorkForce-DS-800WN-scaled.webp,,,50ppm / 100ipm,600 × 600 DPI,600 dpi x 600 dpi,,,"Powerful, intelligent, and user-friendly document management solution. 50ppm/100ipm, standalone scanning with customizable LCD touchscreen, 8,000 pages daily duty cycle, 30% recycled plastics.",12 months On-site service,3.7 kg (net weight),296 × 212 × 217 mm (W × D × H),3000,180000,,
epson-workforce-es-580w,Epson WorkForce WF ES-580W Wireless Touchscreen Document Scanner,ES-580W,Epson,scanners,business_scanners,Sheetfed Scanner (Wireless Business Scanner),https://www.keplertechllc.com/product/epson-workforce-es-580w-wireless-touchscreen-scanner/,https://www.keplertechllc.com/wp-content/uploads/2023/12/Epson-WorkForce-ES-580W-Wireless-Touchscreen-Desktop-Document-Scanner.webp,,,35 pages/min (Mono and Color),600 × 600 DPI,600 dpi x 600 dpi,,,"Standalone scanning without a PC—ideal for modern workplaces. 10.9 cm color LCD touchscreen, A4 auto-duplex scanning at 35 ppm, Epson's Image Processing Technology.",12 months On-site service,3.7 kg (net weight),300 × 169 × 167 mm (W × D × H),1000,4000,,
epson-workforce-es-500wii,Epson WorkForce WF ES-500WII Wireless Duplex Document Scanner,ES-500WII,Epson,scanners,business_scanners,Sheetfed Scanner (Compact Wireless),https://www.keplertechllc.com/product/epson-workforce-es-500w-ii-wireless-duplex-scanner/,https://www.keplertechllc.com/wp-content/uploads/2023/12/Epson-WorkForce-ES-500W-II-Wireless-Duplex-Desktop-Document-Scanner.webp,,,35 pages/min (mono/color),600 × 600 DPI,600 dpi x 600 dpi,,,"Compact wireless scanner with fast, seamless double-sided A4 scanning in a single pass at 35 pages/min; high-speed auto-duplex.",12 months On-site service,3.7 kg (net weight),300 × 169 × 167 mm (W × D × H),1000,4000,,
epson-workforce-ds-970,Epson WorkForce WF DS-970 Color Duplex Document Scanner,DS-970,Epson,scanners,business_scanners,Sheetfed Scanner (High Capacity Heavy-Duty),https://www.keplertechllc.com/product/epson-workforce-ds-530ii-color-duplex-document-scanner/,https://www.keplertechllc.com/wp-content/uploads/2023/12/Epson-WorkForce-DS-530II-Color-Duplex-Document-Scanner.webp,,,"85 pages/min (170 ipm duplex, Mono & Color)",600 × 600 DPI,600 DPI x 600 DPI,,,"Powerful scanning for demanding workplaces. Blazing speed up to 85 pages/min (170 ipm in duplex), ReadyScan LED technology, high capacity.",12 months On-site service,3.6 kg (net weight),296 × 169 × 167 mm (W × D × H),5000,200000,,
epson-workforce-ds-870,Epson WorkForce WF DS-870 Color Duplex Document Scanner,DS-870,Epson,scanners,business_scanners,Sheetfed Scanner (Touchscreen Duplex),https://www.keplertechllc.com/product/epson-workforce-ds-530ii-color-duplex-document-scanner/,https://www.keplertechllc.com/wp-content/uploads/2023/12/Epson-WorkForce-DS-530II-Color-Duplex-Document-Scanner.webp,,,65 pages/min (Mono and Color),600 × 600 DPI,600 dpi x 600 dpi,,,"Powerful scanning for seamless business workflows. 10.9 cm color LCD touchscreen, Epson's Image Processing Technology, A4 auto-duplex scanning.",12 months On-site service,3.6 kg (net weight),296 × 169 × 167 mm (W × D × H),3000,120000,,
epson-workforce-ds-790wn,Epson WorkForce WF DS-790WN Wireless Color Document Scanner,DS-790WN,Epson,scanners,business_scanners,Sheetfed Scanner (Network & Wi-Fi Touchscreen),https://www.keplertechllc.com/product/epson-workforce-ds-7500n-color-document-scanner/,https://www.keplertechllc.com/wp-content/uploads/2023/12/Epson-WorkForce-DS-7500N-Color-Document-Scanner.webp,,,45 ppm / 90 ipm,600 × 600 DPI,600 dpi x 600 dpi,,,"High-performance scanning for efficient office workflows. Network & WiFi, High Capacity, General Office, Duplex Scan, LCD Touchscreen.",12 months On-site service,3.7 kg (net weight),296 × 212 × 217 mm (W × D × H),2000,100000,,
epson-workforce-ds-770ii,Epson Workforce WF DS-770 II Color Duplex Document Scanner,DS-770 II,Epson,scanners,business_scanners,Sheetfed Scanner (High Capacity Single-Pass),https://www.keplertechllc.com/product/epson-workforce-ds-530ii-color-duplex-document-scanner/,https://www.keplertechllc.com/wp-content/uploads/2023/12/Epson-WorkForce-DS-530II-Color-Duplex-Document-Scanner.webp,,,45 ppm / 90 ipm,600 × 600 DPI,600 DPI x 600 DPI,,,"Powerful, reliable scanning for demanding office workflows. Automatic Document Feeder Type: Single-pass dual scanning, ReadyScan LED technology.",12 months Carry in,3.7 kg (net weight),296 × 169 × 167 mm (W × D × H),2000,80000,,
epson-workforce-ds-730n,Epson WorkForce WF DS-730N Network Color Document Scanner,DS-730N,Epson,scanners,business_scanners,Sheetfed Scanner (Network Color),https://www.keplertechllc.com/product/epson-wf-ds-730n-network-color-document-scanner/,https://www.keplertechllc.com/wp-content/uploads/2023/12/Epson-DS-730N-Network-Color-Document-Scanner.webp,,,40 ppm / 80 ipm,600 × 600 DPI,600 DPI x 600 DPI,,,"Intelligent scanning for streamlined office workflows. Built-in Ethernet, Automatic Document Feeder with single-pass dual scanning, 6,500 pages daily volume.",12 months On-site service,3.6 kg (net weight),296 × 169 × 167 mm (W × D × H),1500,65000,,
epson-workforce-ds-530ii,Epson WorkForce WF DS-530II Color Duplex Document Scanner,DS-530II,Epson,scanners,business_scanners,Sheetfed document scanning (Innovative Business),https://www.keplertechllc.com/product/epson-workforce-ds-530ii-color-duplex-document-scanner/,https://www.keplertechllc.com/wp-content/uploads/2023/12/Epson-WorkForce-DS-530II-Color-Duplex-Document-Scanner.webp,,,35 ppm / 70 ipm,600 × 600 DPI,600x600 dpi,,,"Faster, smarter, and more reliable document processing with Active Separation Roller System to prevent multi-feeds, 50-page ADF, and ReadyScan LED.",12 months On-site service,3.7 kg (net weight),296 × 169 × 167 mm (W × D × H),1000,50000,,
epson-workforce-ds-410,Epson WorkForce WF DS-410 Document Scanner,DS-410,Epson,scanners,business_scanners,A4 Sheet-Fed Business Scanner,https://www.keplertechllc.com/product/epson-workforce-ds-410-document-scanner/,https://www.keplertechllc.com/wp-content/uploads/2023/12/Epson-WorkForce-DS-410-Document-Scanner.webp,,,26 pages/min (Monochrome and Color),600 × 600 DPI,600 dpi x 600 dpi,,,"Epson DS-410 for elevated business scanning with Paper Protection Technology, 50-sheet ADF, and ReadyScan LED technology.",12 months On-site service,2.5 kg (net weight),297 × 152 × 154 mm (W × D × H),500,30000,,
epson-workforce-ds-30000,Epson WorkForce WF DS-30000 Large-Format Document Scanner,DS-30000,Epson,scanners,business_scanners,Sheetfed Scanner (A3 Large-Format),https://www.keplertechllc.com/product/epson-workforce-ds-30000-large-format-document-scanner/,https://www.keplertechllc.com/wp-content/uploads/2023/12/Epson-WorkForce-DS-30000-Large-format-Document-Scanner.webp,,,70 ppm / 140 ipm,600 × 600 DPI,600 DPI x 600 DPI (Horizontal x Vertical),,,"High-speed A3 scanning for demanding business environments. High Capacity, General Office, ReadyScan LED technology, 12 months On-site service.",12 months On-site service,5.8 kg (net weight),371 × 208 × 219 mm (W × D × H),5000,300000,,
epson-workforce-ds-32000,Epson WorkForce WF DS-32000 Large-Format Document Scanner,DS-32000,Epson,scanners,business_scanners,Sheetfed Scanner (A3 Large-Format Production),https://www.keplertechllc.com/product/epson-workforce-ds-30000-large-format-document-scanner/,https://www.keplertechllc.com/wp-content/uploads/2023/12/Epson-WorkForce-DS-30000-Large-format-Document-Scanner.webp,,,90 ppm / 180 ipm,600 × 600 DPI,600 DPI x 600 DPI (Horizontal x Vertical),,,"High-performance scanning for speed and efficiency up to 90 ppm / 180 ipm with ultrasonic double-feed sensor, flexible media architecture, and ReadyScan LED.",12 months On-site service,6.9 kg (net weight),371 × 208 × 219 mm (W × D × H),5000,400000,,
epson-workforce-ds-70,Epson WorkForce WF DS-70 Business Scanner,DS-70,Epson,scanners,business_scanners,A4 Mobile Business Scanner (Portable),https://www.keplertechllc.com/product/epson-workforce-ds-70-business-scanner/,https://www.keplertechllc.com/wp-content/uploads/2023/11/Epson-WorkForce-DS-70-Business-Scanner.webp,,,5.5 seconds per page,600 × 600 DPI,600 dpi x 600 dpi (Horizontal x Vertical),,,"Compact, lightweight scanning for professionals on the go. Ultra-portable A4 mobile scanner powered via USB, scanning in 5.5 sec/page.",24 months,270 g (0.27 kg net weight),272 × 47 × 34 mm (W × D × H),50,3000,,
epson-workforce-ds-80w,Epson WorkForce WF DS-80W Wireless Portable Scanner,DS-80W,Epson,scanners,business_scanners,Wi-Fi mobile business scanner (Integrated Battery),https://www.keplertechllc.com/product/epson-workforce-ds-80w-wireless-portable-scanner/,https://www.keplertechllc.com/wp-content/uploads/2023/11/Epson-WorkForce-DS-80W-Wireless-Portable-Scanner.webp,,,4 sec/page (Monochrome & Color),600 × 600 DPI,600 dpi x 600 dpi,,,"Exceptional efficiency for professionals on the move. Wi-Fi mobile business scanner powered by USB cable or integrated battery power, 4 sec/page speed.",24 months,300 g (0.30 kg net weight),272 × 47 × 34 mm (W × D × H),50,3000,,
epson-workforce-ds-310,Epson WorkForce WF DS-310 Portable Sheet-fed Document Scanner,DS-310,Epson,scanners,business_scanners,Portable Sheet-fed Document Scanner with 20-page ADF,https://www.keplertechllc.com/product/epson-workforce-ds-310-portable-scanner/,https://www.keplertechllc.com/wp-content/uploads/2023/11/Epson-WorkForce-DS-310-Portable-Sheet-fed-Document-Scanner.webp,,,25 pages/min (Color and Monochrome),300 × 300 DPI,300 dpi (Color and Monochrome),,,"Fastest portable business scanner with compact and lightweight design, 20-page ADF, double-sided auto duplex scanning at 25 pages/min.",12 months On-site service,1.1 kg (net weight),288 × 89 × 51 mm (W × D × H),200,5000,,
epson-workforce-ds-360w,Epson WorkForce WF DS-360W Wi-Fi Portable Scanner,DS-360W,Epson,scanners,business_scanners,Portable Wi-Fi Scanner with Battery & 20-page ADF,https://www.keplertechllc.com/product/epson-workforce-ds-360w-wi-fi-portable-scanner/,https://www.keplertechllc.com/wp-content/uploads/2023/12/Epson-WorkForce-DS-360W-Wi-Fi-Portable-Sheet-fed-Document-Scanner.webp,,,25 pages/min (Monochrome and Color),300 × 300 DPI,300 dpi (Monochrome and Color),,,"Portable Wi-Fi scanning for mobility and efficiency with built-in rechargeable battery, 20-page ADF, and 25 pages/min duplex speed.",12 months On-site service,1.3 kg (net weight),288 × 89 × 67 mm (W × D × H),200,5000,,
